性,名,住所,口座番号
宮阜,広取,秋田県鹿縄市埼知町,2460632
長形,石媛,鹿児島県山分市香賀町,8062007
大井,長賀,鹿児島県岩野市山川町,1758480
広島,鹿田,福井県岩岡市熊媛町,9741837
和岡,山田,福井県秋井市大田町,1666176
福手,鳥知,栃木県島崎市福島町,2407681
青奈,熊口,三重県鳥岡市長縄町,3870851
山本,佐賀,岩手県岩賀市和潟町,5400402
兵歌,埼賀,三重県宮崎市佐井町,2179044
和形,佐庫,福島県鹿児市福取町,8404578
熊歌,佐口,福井県岡奈市徳児町,7355669
千阜,千玉,高知県長岡市兵島町,3534206
兵根,神形,和歌山県島阜市千知町,8135855
福歌,山崎,岩手県山児市岡馬町,9614740
群井,和島,広島県富岡市佐葉町,8884808
愛知,岡本,鳥取県秋馬市愛川町,3514984
富賀,長重,三重県千縄市愛媛町,5761255
茨庫,岩児,静岡県山良市宮媛町,5160349
岩馬,富奈,香川県岡取市栃口町,9453379
神山,山賀,宮城県大島市秋本町,6436857
山馬,山縄,三重県熊城市愛潟町,3207877
徳木,宮城,沖縄県富崎市高本町,8220890
福庫,神良,鹿児島県大形市鳥玉町,4632751
岐田,宮賀,石川県奈島市高崎町,4624859
新田,熊手,神奈川県福児市熊崎町,2700921
広縄,千阜,香川県島歌市新奈町,6213419
茨庫,新馬,千葉県兵野市愛田町,1146315
青森,栃島,福岡県佐玉市宮野町,2324008
和媛,滋川,新潟県島岡市新賀町,2417347
栃阜,宮崎,静岡県岐良市神児町,5626230
栃良,神川,滋賀県兵縄市佐崎町,5056446
長木,福良,山形県香木市長田町,4412205
埼根,島馬,滋賀県徳歌市徳城町,5073350
滋梨,福知,神奈川県福木市千川町,1039755
神梨,福島,福岡県山潟市大賀町,2650575
奈岡,三根,香川県香馬市島川町,5498864
大取,鹿重,広島県山野市福井町,9038113
福島,佐崎,沖縄県茨口市高児町,4586992
三庫,長賀,青森県岩根市山知町,1043262
山縄,静山,和歌山県兵根市広歌町,1001341
山川,富取,愛知県大梨市岡馬町,8719810
鳥重,岩知,石川県栃庫市沖知町,5448099
高川,宮知,香川県広森市長城町,2845981
鳥田,新潟,大分県群媛市富岡町,2801893
福歌,熊野,群馬県三玉市和島町,2386990
大崎,熊井,香川県広奈市青手町,9531729
千岡,秋田,山口県長奈市群知町,1638402
栃知,宮城,岐阜県鳥庫市山崎町,6206126
栃歌,熊口,群馬県千島市富口町,5443017
愛城,奈手,沖縄県広馬市三取町,1769654
福児,秋島,山形県千賀市滋城町,5484075
宮手,埼野,長崎県鳥形市福潟町,3814363
栃野,三庫,長野県長歌市栃口町,4272994
石手,愛城,石川県滋本市神川町,8009229
静児,佐手,岡山県島馬市福岡町,9420022
千島,茨歌,熊本県大玉市埼梨町,8183956
長野,奈島,神奈川県三庫市鳥根町,5641533
岐岡,茨本,神奈川県和賀市徳手町,7773672
奈庫,愛庫,栃木県広島市宮口町,4113473
神重,宮奈,広島県愛縄市徳玉町,9608421
香島,福手,石川県香口市沖馬町,7154941
愛崎,熊手,茨城県鹿崎市岡岡町,6857012
福潟,長島,香川県兵知市兵分町,1156866
茨城,群知,山口県高川市愛川町,6872888
鳥島,広井,山形県広児市和児町,8172981
静児,三野,愛知県富取市静森町,5728061
大縄,青児,愛知県神田市佐児町,6901953
静城,佐山,青森県岐取市静田町,7384557
和森,岩井,奈良県香児市佐玉町,6124380
鳥木,徳縄,埼玉県岩山市宮手町,9616809
鳥馬,広崎,福井県大縄市熊崎町,9164707
和賀,岡歌,広島県熊玉市広山町,4430379
愛野,香手,奈良県福葉市岡縄町,2958213
徳良,長玉,福岡県香賀市大知町,1450674
宮森,佐阜,群馬県愛分市熊梨町,8883308
山梨,福川,岐阜県新島市宮阜町,6038811
徳玉,奈児,神奈川県茨田市島手町,5998507
茨重,山手,福岡県埼根市宮木町,9071440
宮庫,徳口,兵庫県秋口市千井町,4024111
福手,宮歌,香川県山田市神崎町,2010823
三分,鹿知,熊本県栃森市埼本町,8212080
富木,愛田,島根県秋分市福形町,2041068
佐城,福知,鳥取県石岡市長川町,1885289
山島,福歌,千葉県高良市福本町,6442609
愛本,奈取,福井県高木市茨森町,6293315
徳森,奈崎,青森県埼潟市群縄町,6161288
茨歌,神庫,神奈川県大阜市愛賀町,6979863
香崎,鳥形,岐阜県埼潟市大奈町,2314064
愛城,秋良,香川県福縄市徳城町,9385016
群知,愛井,山形県埼川市青島町,9004379
沖木,沖城,三重県愛城市熊知町,2731978
石知,滋井,広島県滋阜市宮川町,6693561
沖児,栃重,岩手県沖玉市香木町,2791965
栃梨,宮形,岐阜県福野市秋城町,2871696
兵媛,茨崎,広島県岐知市山良町,6294824
福手,鳥馬,神奈川県岡重市神岡町,2131198
茨川,奈本,岡山県愛川市石本町,8410505
三川,富良,島根県沖賀市福潟町,4970387
高玉,宮葉,兵庫県福川市愛賀町,9324076
神山,滋森,徳島県山縄市沖根町,4767075
