性,名,県名,市名,町名,口座番号
宮阜,広取,秋田,鹿縄,埼知,2460632
長形,石媛,鹿児島,山分,香賀,806-2007
大井,長賀,鹿児島県,岩野市,山川町,175-8480
広島,鹿田,福井,岩岡市,熊媛町,9741837
和岡,山田,福井県,秋井市,大田,166-6176
福手,鳥知,栃木,島崎市,福島町,2407681
青奈,熊口,三重,鳥岡,長縄,387-0851
山本,佐賀,岩手県,岩賀市,和潟,5400402
兵歌,埼賀,三重,宮崎,佐井町,217-9044
和形,佐庫,福島,鹿児市,福取,840-4578
熊歌,佐口,福井,岡奈,徳児,735-5669
千阜,千玉,高知県,長岡市,兵島,3534206
兵根,神形,和歌山県,島阜市,千知町,8135855
福歌,山崎,岩手県,山児,岡馬町,9614740
群井,和島,広島,富岡市,佐葉町,888-4808
愛知,岡本,鳥取,秋馬市,愛川,351-4984
富賀,長重,三重,千縄市,愛媛,576-1255
茨庫,岩児,静岡県,山良,宮媛,5160349
岩馬,富奈,香川県,岡取市,栃口,9453379
神山,山賀,宮城,大島市,秋本,6436857
山馬,山縄,三重,熊城,愛潟,3207877
徳木,宮城,沖縄県,富崎市,高本町,822-0890
福庫,神良,鹿児島,大形市,鳥玉町,4632751
岐田,宮賀,石川県,奈島市,高崎,4624859
新田,熊手,神奈川,福児,熊崎町,2700921
広縄,千阜,香川,島歌市,新奈町,621-3419
茨庫,新馬,千葉県,兵野市,愛田,114-6315
青森,栃島,福岡,佐玉,宮野町,2324008
和媛,滋川,新潟,島岡市,新賀,2417347
栃阜,宮崎,静岡県,岐良,神児町,5626230
栃良,神川,滋賀県,兵縄,佐崎,5056446
長木,福良,山形,香木,長田,4412205
埼根,島馬,滋賀,徳歌,徳城,507-3350
滋梨,福知,神奈川県,福木,千川,103-9755
神梨,福島,福岡,山潟市,大賀町,2650575
奈岡,三根,香川,香馬市,島川,549-8864
大取,鹿重,広島県,山野市,福井町,903-8113
福島,佐崎,沖縄,茨口市,高児,458-6992
三庫,長賀,青森県,岩根市,山知,104-3262
山縄,静山,和歌山県,兵根市,広歌,1001341
山川,富取,愛知,大梨,岡馬町,871-9810
鳥重,岩知,石川,栃庫,沖知町,5448099
高川,宮知,香川,広森市,長城,284-5981
鳥田,新潟,大分,群媛市,富岡町,280-1893
福歌,熊野,群馬,三玉市,和島町,238-6990
大崎,熊井,香川,広奈,青手町,953-1729
千岡,秋田,山口,長奈,群知町,1638402
栃知,宮城,岐阜,鳥庫市,山崎町,620-6126
栃歌,熊口,群馬県,千島,富口,544-3017
愛城,奈手,沖縄県,広馬市,三取,176-9654
福児,秋島,山形県,千賀市,滋城町,5484075
宮手,埼野,長崎県,鳥形,福潟町,3814363
栃野,三庫,長野,長歌市,栃口町,4272994
石手,愛城,石川,滋本市,神川,800-9229
静児,佐手,岡山県,島馬,福岡町,9420022
千島,茨歌,熊本県,大玉,埼梨,8183956
長野,奈島,神奈川,三庫,鳥根町,5641533
岐岡,茨本,神奈川県,和賀市,徳手,777-3672
奈庫,愛庫,栃木,広島市,宮口,4113473
神重,宮奈,広島,愛縄市,徳玉,9608421
香島,福手,石川,香口,沖馬,7154941
愛崎,熊手,茨城,鹿崎市,岡岡,6857012
福潟,長島,香川県,兵知,兵分町,115-6866
茨城,群知,山口,高川市,愛川町,6872888
鳥島,広井,山形,広児,和児町,817-2981
静児,三野,愛知,富取市,静森,572-8061
大縄,青児,愛知県,神田,佐児町,690-1953
静城,佐山,青森,岐取,静田,738-4557
和森,岩井,奈良,香児,佐玉町,612-4380
鳥木,徳縄,埼玉県,岩山,宮手町,961-6809
鳥馬,広崎,福井県,大縄,熊崎,9164707
和賀,岡歌,広島,熊玉,広山,443-0379
愛野,香手,奈良県,福葉市,岡縄,2958213
徳良,長玉,福岡県,香賀,大知町,145-0674
宮森,佐阜,群馬県,愛分,熊梨,888-3308
山梨,福川,岐阜県,新島,宮阜町,603-8811
徳玉,奈児,神奈川県,茨田市,島手町,5998507
茨重,山手,福岡,埼根,宮木,9071440
宮庫,徳口,兵庫県,秋口市,千井町,4024111
福手,宮歌,香川,山田,神崎町,2010823
三分,鹿知,熊本,栃森,埼本町,8212080
富木,愛田,島根,秋分,福形町,2041068
佐城,福知,鳥取県,石岡,長川町,1885289
山島,福歌,千葉県,高良市,福本町,6442609
愛本,奈取,福井県,高木,茨森町,629-3315
徳森,奈崎,青森,埼潟市,群縄,6161288
茨歌,神庫,神奈川,大阜市,愛賀,6979863
香崎,鳥形,岐阜,埼潟,大奈町,231-4064
愛城,秋良,香川県,福縄市,徳城,9385016
群知,愛井,山形県,埼川市,青島町,900-4379
沖木,沖城,三重,愛城市,熊知町,2731978
石知,滋井,広島,滋阜市,宮川町,669-3561
沖児,栃重,岩手県,沖玉,香木,2791965
栃梨,宮形,岐阜,福野,秋城,2871696
兵媛,茨崎,広島,岐知,山良,6294824
福手,鳥馬,神奈川,岡重,神岡町,213-1198
茨川,奈本,岡山,愛川,石本,841-0505
三川,富良,島根県,沖賀市,福潟町,497-0387
高玉,宮葉,兵庫県,福川市,愛賀町,9324076
神山,滋森,徳島,山縄,沖根町,476-7075
